id,title,uploadedAt,duration
-i1uF3pa0oI,بناء القوة النفسية,2023-07-20,01:59:33
_57DQt0CP48,كيف نبني زواجاً مستقراً,2024-02-08,02:34:32
nYftfK2jm8U,هل استطاع الإنسان التأقلم مع التطور؟,2024-10-24,02:16:15
LxOokL12A3o,كيف نفهم ردود أفعالنا؟,2024-11-21,02:30:02
9_-jYT6ZbzY,كيف تنشأ العلاقات؟,2024-12-26,02:58:07
U1lUaPLBWRc,الحرية الصحية: النوم والرياضة,2025-03-17,02:35:52
eOy4F3HVx6I,الحرية الصحية: التغذية,2025-04-10,01:38:55
M0ekc3nWZWg,كيف نُوعي أطفالنا ونحميهم؟,2025-05-08,01:58:28
RFRLVUb2GUM,تفكيك النفس البشرية.. ما لم يخبرك به علم النفس الحديث,2025-06-26,03:04:13
MQXTKt6JPJ0,حقيقة مخك مع خبير,2026-02-05,02:53:12